日期,端,关键词搜索指数
2020/12/01,抖音,0
2020/12/02,抖音,0
2020/12/03,抖音,0
2020/12/04,抖音,0
2020/12/05,抖音,0
2020/12/06,抖音,0
2020/12/07,抖音,0
2020/12/08,抖音,0
2020/12/09,抖音,0
2020/12/10,抖音,0
2020/12/11,抖音,0
2020/12/12,抖音,0
2020/12/13,抖音,0
2020/12/14,抖音,0
2020/12/15,抖音,0
2020/12/16,抖音,0
2020/12/17,抖音,0
2020/12/18,抖音,0
2020/12/19,抖音,0
2020/12/20,抖音,0
2020/12/21,抖音,0
2020/12/22,抖音,0
2020/12/23,抖音,0
2020/12/24,抖音,0
2020/12/25,抖音,0
2020/12/26,抖音,1
2020/12/27,抖音,1
2020/12/28,抖音,2
2020/12/29,抖音,4
2020/12/30,抖音,5
2020/12/31,抖音,8
2021/01/01,抖音,10
2021/01/02,抖音,13
2021/01/03,抖音,16
2021/01/04,抖音,19
2021/01/05,抖音,22
2021/01/06,抖音,25
2021/01/07,抖音,27
2021/01/08,抖音,29
2021/01/09,抖音,30
2021/01/10,抖音,31
2021/01/11,抖音,32
2021/01/12,抖音,32
2021/01/13,抖音,33
2021/01/14,抖音,32
2021/01/15,抖音,32
2021/01/16,抖音,32
2021/01/17,抖音,31
2021/01/18,抖音,31
2021/01/19,抖音,31
2021/01/20,抖音,31
2021/01/21,抖音,32
2021/01/22,抖音,33
2021/01/23,抖音,35
2021/01/24,抖音,37
2021/01/25,抖音,39
2021/01/26,抖音,41
2021/01/27,抖音,42
2021/01/28,抖音,44
2021/01/29,抖音,46
2021/01/30,抖音,47
2021/01/31,抖音,48
2021/02/01,抖音,49
2021/02/02,抖音,50
2021/02/03,抖音,50
2021/02/04,抖音,48
2021/02/05,抖音,47
2021/02/06,抖音,44
2021/02/07,抖音,41
2021/02/08,抖音,38
2021/02/09,抖音,35
2021/02/10,抖音,34
2021/02/11,抖音,33
2021/02/12,抖音,34
2021/02/13,抖音,35
2021/02/14,抖音,38
2021/02/15,抖音,41
2021/02/16,抖音,45
2021/02/17,抖音,49
2021/02/18,抖音,53
2021/02/19,抖音,58
2021/02/20,抖音,64
2021/02/21,抖音,69
2021/02/22,抖音,76
2021/02/23,抖音,82
2021/02/24,抖音,87
2021/02/25,抖音,90
2021/02/26,抖音,92
2021/02/27,抖音,92
2021/02/28,抖音,90
2021/03/01,抖音,87
2021/03/02,抖音,83
2021/03/03,抖音,79
2021/03/04,抖音,75
2021/03/05,抖音,72
2021/03/06,抖音,69
2021/03/07,抖音,67
2021/03/08,抖音,66
2021/03/09,抖音,66
2021/03/10,抖音,66
2021/03/11,抖音,67
2021/03/12,抖音,67
2021/03/13,抖音,68
2021/03/14,抖音,68
2021/03/15,抖音,69
2021/03/16,抖音,69
2021/03/17,抖音,69
2021/03/18,抖音,69
2021/03/19,抖音,68
2021/03/20,抖音,67
2021/03/21,抖音,66
2021/03/22,抖音,64
2021/03/23,抖音,63
2021/03/24,抖音,62
2021/03/25,抖音,61
2021/03/26,抖音,61
2021/03/27,抖音,62
2021/03/28,抖音,63
2021/03/29,抖音,64
2021/03/30,抖音,65
2021/03/31,抖音,66
2021/04/01,抖音,67
2021/04/02,抖音,66
2021/04/03,抖音,64
2021/04/04,抖音,62
2021/04/05,抖音,60
2021/04/06,抖音,57
2021/04/07,抖音,55
2021/04/08,抖音,52
2021/04/09,抖音,51
2021/04/10,抖音,49
2021/04/11,抖音,48
2021/04/12,抖音,48
2021/04/13,抖音,47
2021/04/14,抖音,47
2021/04/15,抖音,47
2021/04/16,抖音,46
2021/04/17,抖音,46
2021/04/18,抖音,45
2021/04/19,抖音,44
2021/04/20,抖音,44
2021/04/21,抖音,43
2021/04/22,抖音,43
2021/04/23,抖音,42
2021/04/24,抖音,43
2021/04/25,抖音,44
2021/04/26,抖音,45
2021/04/27,抖音,47
2021/04/28,抖音,50
2021/04/29,抖音,53
2021/04/30,抖音,57
2021/05/01,抖音,61
2021/05/02,抖音,66
2021/05/03,抖音,73
2021/05/04,抖音,81
2021/05/05,抖音,90
2021/05/06,抖音,102
2021/05/07,抖音,117
2021/05/08,抖音,135
2021/05/09,抖音,157
2021/05/10,抖音,185
2021/05/11,抖音,219
2021/05/12,抖音,260
2021/05/13,抖音,309
2021/05/14,抖音,367
2021/05/15,抖音,433
2021/05/16,抖音,502
2021/05/17,抖音,570
2021/05/18,抖音,625
2021/05/19,抖音,660
2021/05/20,抖音,667
2021/05/21,抖音,644
2021/05/22,抖音,594
2021/05/23,抖音,524
2021/05/24,抖音,446
2021/05/25,抖音,369
2021/05/26,抖音,301
2021/05/27,抖音,246
2021/05/28,抖音,205
2021/05/29,抖音,176
2021/05/30,抖音,158
2021/05/31,抖音,148
2021/06/01,抖音,141
2021/06/02,抖音,137
2021/06/03,抖音,133
2021/06/04,抖音,129
2021/06/05,抖音,123
2021/06/06,抖音,118
2021/06/07,抖音,112
2021/06/08,抖音,106
2021/06/09,抖音,101
2021/06/10,抖音,96
2021/06/11,抖音,92
2021/06/12,抖音,87
2021/06/13,抖音,83
2021/06/14,抖音,79
2021/06/15,抖音,76
2021/06/16,抖音,74
2021/06/17,抖音,72
2021/06/18,抖音,70
2021/06/19,抖音,70
2021/06/20,抖音,70
2021/06/21,抖音,70
2021/06/22,抖音,72
2021/06/23,抖音,75
2021/06/24,抖音,80
2021/06/25,抖音,86
2021/06/26,抖音,93
2021/06/27,抖音,102
2021/06/28,抖音,111
2021/06/29,抖音,120
2021/06/30,抖音,128
2021/07/01,抖音,134
2021/07/02,抖音,137
2021/07/03,抖音,139
2021/07/04,抖音,140
2021/07/05,抖音,141
2021/07/06,抖音,143
2021/07/07,抖音,147
2021/07/08,抖音,154
2021/07/09,抖音,164
2021/07/10,抖音,177
2021/07/11,抖音,193
2021/07/12,抖音,209
2021/07/13,抖音,226
2021/07/14,抖音,240
2021/07/15,抖音,252
2021/07/16,抖音,260
2021/07/17,抖音,265
2021/07/18,抖音,268
2021/07/19,抖音,270
2021/07/20,抖音,273
2021/07/21,抖音,274
2021/07/22,抖音,276
2021/07/23,抖音,278
2021/07/24,抖音,279
2021/07/25,抖音,282
2021/07/26,抖音,287
2021/07/27,抖音,295
2021/07/28,抖音,306
2021/07/29,抖音,321
2021/07/30,抖音,339
2021/07/31,抖音,362
2021/08/01,抖音,387
2021/08/02,抖音,413
2021/08/03,抖音,436
2021/08/04,抖音,455
2021/08/05,抖音,465
2021/08/06,抖音,466
2021/08/07,抖音,460
2021/08/08,抖音,448
2021/08/09,抖音,433
2021/08/10,抖音,419
2021/08/11,抖音,405
2021/08/12,抖音,391
2021/08/13,抖音,379
2021/08/14,抖音,368
2021/08/15,抖音,358
2021/08/16,抖音,349
2021/08/17,抖音,341
2021/08/18,抖音,332
2021/08/19,抖音,323
2021/08/20,抖音,312
2021/08/21,抖音,299
2021/08/22,抖音,286
2021/08/23,抖音,273
2021/08/24,抖音,260
2021/08/25,抖音,247
2021/08/26,抖音,233
2021/08/27,抖音,218
2021/08/28,抖音,202
2021/08/29,抖音,186
2021/08/30,抖音,171
2021/08/31,抖音,157
2021/09/01,抖音,146
2021/09/02,抖音,137
2021/09/03,抖音,131
2021/09/04,抖音,128
2021/09/05,抖音,127
2021/09/06,抖音,127
2021/09/07,抖音,129
2021/09/08,抖音,132
2021/09/09,抖音,135
2021/09/10,抖音,139
2021/09/11,抖音,143
2021/09/12,抖音,147
2021/09/13,抖音,152
2021/09/14,抖音,157
2021/09/15,抖音,162
2021/09/16,抖音,167
2021/09/17,抖音,172
2021/09/18,抖音,178
2021/09/19,抖音,186
2021/09/20,抖音,197
2021/09/21,抖音,211
2021/09/22,抖音,228
2021/09/23,抖音,249
2021/09/24,抖音,272
2021/09/25,抖音,299
2021/09/26,抖音,327
2021/09/27,抖音,355
2021/09/28,抖音,380
2021/09/29,抖音,401
2021/09/30,抖音,415
2021/10/01,抖音,422
2021/10/02,抖音,423
2021/10/03,抖音,419
2021/10/04,抖音,411
2021/10/05,抖音,401
2021/10/06,抖音,388
2021/10/07,抖音,372
2021/10/08,抖音,353
2021/10/09,抖音,333
2021/10/10,抖音,311
2021/10/11,抖音,290
2021/10/12,抖音,271
2021/10/13,抖音,254
2021/10/14,抖音,240
2021/10/15,抖音,228
2021/10/16,抖音,218
2021/10/17,抖音,209
2021/10/18,抖音,202
2021/10/19,抖音,196
2021/10/20,抖音,191
2021/10/21,抖音,185
2021/10/22,抖音,180
2021/10/23,抖音,175
2021/10/24,抖音,171
2021/10/25,抖音,168
2021/10/26,抖音,168
2021/10/27,抖音,171
2021/10/28,抖音,178
2021/10/29,抖音,190
2021/10/30,抖音,205
2021/10/31,抖音,224
2021/11/01,抖音,243
2021/11/02,抖音,261
2021/11/03,抖音,276
2021/11/04,抖音,284
2021/11/05,抖音,286
2021/11/06,抖音,283
2021/11/07,抖音,280
2021/11/08,抖音,279
2021/11/09,抖音,288
2021/11/10,抖音,311
2021/11/11,抖音,353
2021/11/12,抖音,418
2021/11/13,抖音,508
2021/11/14,抖音,625
2021/11/15,抖音,766
2021/11/16,抖音,928
2021/11/17,抖音,1111
2021/11/18,抖音,1314
2021/11/19,抖音,1537
2021/11/20,抖音,1782
2021/11/21,抖音,2041
2021/11/22,抖音,2305
2021/11/23,抖音,2554
2021/11/24,抖音,2769
2021/11/25,抖音,2938
2021/11/26,抖音,3056
2021/11/27,抖音,3131
2021/11/28,抖音,3174
2021/11/29,抖音,3198
2021/11/30,抖音,3208
2021/12/01,抖音,3202
2021/12/02,抖音,3174
2021/12/03,抖音,3123
2021/12/04,抖音,3054
2021/12/05,抖音,2975
2021/12/06,抖音,2900
2021/12/07,抖音,2839
2021/12/08,抖音,2798
2021/12/09,抖音,2779
2021/12/10,抖音,2791
2021/12/11,抖音,2850
2021/12/12,抖音,2983
2021/12/13,抖音,3228
2021/12/14,抖音,3638
2021/12/15,抖音,4273
2021/12/16,抖音,5199
2021/12/17,抖音,6467
2021/12/18,抖音,8088
2021/12/19,抖音,10005
2021/12/20,抖音,12069
2021/12/21,抖音,14051
2021/12/22,抖音,15674
2021/12/23,抖音,16680
2021/12/24,抖音,16898
2021/12/25,抖音,16297
2021/12/26,抖音,14999
2021/12/27,抖音,13246
2021/12/28,抖音,11341
2021/12/29,抖音,9581
2021/12/30,抖音,8205
2021/12/31,抖音,7361
2022/01/01,抖音,7101
2022/01/02,抖音,7391
2022/01/03,抖音,8131
2022/01/04,抖音,9177
2022/01/05,抖音,10368
2022/01/06,抖音,11554
2022/01/07,抖音,12612
2022/01/08,抖音,13456
2022/01/09,抖音,14031
2022/01/10,抖音,14310
2022/01/11,抖音,14277
2022/01/12,抖音,13925
2022/01/13,抖音,13267
2022/01/14,抖音,12339
2022/01/15,抖音,11209
2022/01/16,抖音,9967
2022/01/17,抖音,8711
2022/01/18,抖音,7527
2022/01/19,抖音,6477
2022/01/20,抖音,5595
2022/01/21,抖音,4887
2022/01/22,抖音,4339
2022/01/23,抖音,3931
2022/01/24,抖音,3636
2022/01/25,抖音,3431
2022/01/26,抖音,3295
2022/01/27,抖音,3214
2022/01/28,抖音,3177
2022/01/29,抖音,3179
2022/01/30,抖音,3212
2022/01/31,抖音,3266
2022/02/01,抖音,3320
2022/02/02,抖音,3356
2022/02/03,抖音,3365
2022/02/04,抖音,3333
2022/02/05,抖音,3276
2022/02/06,抖音,3228
2022/02/07,抖音,3247
2022/02/08,抖音,3426
2022/02/09,抖音,3892
2022/02/10,抖音,4815
2022/02/11,抖音,6387
2022/02/12,抖音,8791
2022/02/13,抖音,12134
2022/02/14,抖音,16374
2022/02/15,抖音,21265
2022/02/16,抖音,26339
2022/02/17,抖音,30968
2022/02/18,抖音,34486
2022/02/19,抖音,36348
2022/02/20,抖音,36270
2022/02/21,抖音,34306
2022/02/22,抖音,30819
2022/02/23,抖音,26382
2022/02/24,抖音,21630
2022/02/25,抖音,17122
2022/02/26,抖音,13256
2022/02/27,抖音,10236
2022/02/28,抖音,8095
2022/03/01,抖音,6742
2022/03/02,抖音,6018
2022/03/03,抖音,5743
2022/03/04,抖音,5746
2022/03/05,抖音,5883
2022/03/06,抖音,6041
2022/03/07,抖音,6146
2022/03/08,抖音,6152
2022/03/09,抖音,6062
2022/03/10,抖音,5892
2022/03/11,抖音,5687
2022/03/12,抖音,5507
2022/03/13,抖音,5401
2022/03/14,抖音,5404
2022/03/15,抖音,5525
2022/03/16,抖音,5751
2022/03/17,抖音,6056
2022/03/18,抖音,6420
2022/03/19,抖音,6835
2022/03/20,抖音,7306
2022/03/21,抖音,7842
2022/03/22,抖音,8441
2022/03/23,抖音,9076
2022/03/24,抖音,9696
2022/03/25,抖音,10233
2022/03/26,抖音,10615
2022/03/27,抖音,10791
2022/03/28,抖音,10738
2022/03/29,抖音,10470
2022/03/30,抖音,10030
2022/03/31,抖音,9480
2022/04/01,抖音,8889
2022/04/02,抖音,8314
2022/04/03,抖音,7791
2022/04/04,抖音,7333
2022/04/05,抖音,6934
2022/04/06,抖音,6577
2022/04/07,抖音,6242
2022/04/08,抖音,5925
2022/04/09,抖音,5637
2022/04/10,抖音,5407
2022/04/11,抖音,5281
2022/04/12,抖音,5318
2022/04/13,抖音,5587
2022/04/14,抖音,6160
2022/04/15,抖音,7098
2022/04/16,抖音,8431
2022/04/17,抖音,10125
2022/04/18,抖音,12074
2022/04/19,抖音,14090
2022/04/20,抖音,15939
2022/04/21,抖音,17387
2022/04/22,抖音,18262
2022/04/23,抖音,18485
2022/04/24,抖音,18089
2022/04/25,抖音,17196
2022/04/26,抖音,15972
2022/04/27,抖音,14584
2022/04/28,抖音,13179
2022/04/29,抖音,11865
2022/04/30,抖音,10721
2022/05/01,抖音,9796
2022/05/02,抖音,9120
2022/05/03,抖音,8692
2022/05/04,抖音,8485
2022/05/05,抖音,8444
2022/05/06,抖音,8496
2022/05/07,抖音,8563
2022/05/08,抖音,8574
2022/05/09,抖音,8482
2022/05/10,抖音,8266
2022/05/11,抖音,7934
2022/05/12,抖音,7519
2022/05/13,抖音,7068
2022/05/14,抖音,6632
2022/05/15,抖音,6252
2022/05/16,抖音,5951
2022/05/17,抖音,5733
2022/05/18,抖音,5588
2022/05/19,抖音,5503
2022/05/20,抖音,5466
2022/05/21,抖音,5474
2022/05/22,抖音,5529
2022/05/23,抖音,5629
2022/05/24,抖音,5762
2022/05/25,抖音,5905
2022/05/26,抖音,6032
2022/05/27,抖音,6119
2022/05/28,抖音,6149
2022/05/29,抖音,6118
2022/05/30,抖音,6032
2022/05/31,抖音,5906
2022/06/01,抖音,5755
2022/06/02,抖音,5598
2022/06/03,抖音,5458
2022/06/04,抖音,5357
2022/06/05,抖音,5320
2022/06/06,抖音,5370
2022/06/07,抖音,5526
2022/06/08,抖音,5808
2022/06/09,抖音,6234
2022/06/10,抖音,6816
2022/06/11,抖音,7552
2022/06/12,抖音,8413
2022/06/13,抖音,9336
2022/06/14,抖音,10235
2022/06/15,抖音,11010
2022/06/16,抖音,11591
2022/06/17,抖音,11951
2022/06/18,抖音,12126
2022/06/19,抖音,12197
2022/06/20,抖音,12271
2022/06/21,抖音,12451
2022/06/22,抖音,12807
2022/06/23,抖音,13377
2022/06/24,抖音,14155
2022/06/25,抖音,15102
2022/06/26,抖音,16146
2022/06/27,抖音,17195
2022/06/28,抖音,18159
2022/06/29,抖音,18977
2022/06/30,抖音,19635
2022/07/01,抖音,20194
2022/07/02,抖音,20770
2022/07/03,抖音,21512
2022/07/04,抖音,22566
2022/07/05,抖音,24068
2022/07/06,抖音,26135
2022/07/07,抖音,28906
2022/07/08,抖音,32523
2022/07/09,抖音,37095
2022/07/10,抖音,42612
2022/07/11,抖音,48858
2022/07/12,抖音,55374
2022/07/13,抖音,61496
2022/07/14,抖音,66523
2022/07/15,抖音,69892
2022/07/16,抖音,71341
2022/07/17,抖音,70970
2022/07/18,抖音,69195
2022/07/19,抖音,66625
2022/07/20,抖音,63863
2022/07/21,抖音,61495
2022/07/22,抖音,60007
2022/07/23,抖音,59813
2022/07/24,抖音,61291
2022/07/25,抖音,64820
2022/07/26,抖音,70790
2022/07/27,抖音,79581
2022/07/28,抖音,91488
2022/07/29,抖音,106539
2022/07/30,抖音,124262
2022/07/31,抖音,143470
2022/08/01,抖音,162224
2022/08/02,抖音,178094
2022/08/03,抖音,188641
2022/08/04,抖音,192119
2022/08/05,抖音,187996
2022/08/06,抖音,177130
2022/08/07,抖音,161516
2022/08/08,抖音,143707
2022/08/09,抖音,126144
2022/08/10,抖音,110649
2022/08/11,抖音,98256
2022/08/12,抖音,89273
2022/08/13,抖音,83507
2022/08/14,抖音,80488
2022/08/15,抖音,79634
2022/08/16,抖音,80324
2022/08/17,抖音,81959
2022/08/18,抖音,84051
2022/08/19,抖音,86260
2022/08/20,抖音,88398
2022/08/21,抖音,90385
2022/08/22,抖音,92206
2022/08/23,抖音,93761
2022/08/24,抖音,94934
2022/08/25,抖音,95634
2022/08/26,抖音,95860
2022/08/27,抖音,95706
2022/08/28,抖音,95308
2022/08/29,抖音,94750
2022/08/30,抖音,93980
2022/08/31,抖音,92814
2022/09/01,抖音,91050
2022/09/02,抖音,88578
2022/09/03,抖音,85471
2022/09/04,抖音,81969
2022/09/05,抖音,78415
2022/09/06,抖音,75119
2022/09/07,抖音,72290
2022/09/08,抖音,70034
2022/09/09,抖音,68366
2022/09/10,抖音,67236
2022/09/11,抖音,66530
2022/09/12,抖音,66068
2022/09/13,抖音,65583
2022/09/14,抖音,64775
2022/09/15,抖音,63415
2022/09/16,抖音,61417
2022/09/17,抖音,58882
2022/09/18,抖音,56058
2022/09/19,抖音,53262
2022/09/20,抖音,50759
2022/09/21,抖音,48720
2022/09/22,抖音,47233
2022/09/23,抖音,46331
2022/09/24,抖音,46021
2022/09/25,抖音,46280
2022/09/26,抖音,47031
2022/09/27,抖音,48100
2022/09/28,抖音,49231
2022/09/29,抖音,50150
2022/09/30,抖音,50633
2022/10/01,抖音,50559
2022/10/02,抖音,49919
2022/10/03,抖音,48800
2022/10/04,抖音,47309
2022/10/05,抖音,45557
2022/10/06,抖音,43658
2022/10/07,抖音,41736
2022/10/08,抖音,39921
2022/10/09,抖音,38333
2022/10/10,抖音,37054
2022/10/11,抖音,36090
2022/10/12,抖音,35387
2022/10/13,抖音,34871
2022/10/14,抖音,34481
2022/10/15,抖音,34200
2022/10/16,抖音,34037
2022/10/17,抖音,33998
2022/10/18,抖音,34045
2022/10/19,抖音,34096
2022/10/20,抖音,34059
2022/10/21,抖音,33870
2022/10/22,抖音,33521
2022/10/23,抖音,33053
2022/10/24,抖音,32534
2022/10/25,抖音,32006
2022/10/26,抖音,31479
2022/10/27,抖音,30941
2022/10/28,抖音,30381
2022/10/29,抖音,29812
2022/10/30,抖音,29276
2022/10/31,抖音,28826
2022/11/01,抖音,28495
2022/11/02,抖音,28290
2022/11/03,抖音,28193
2022/11/04,抖音,28175
2022/11/05,抖音,28211
2022/11/06,抖音,28276
2022/11/07,抖音,28345
2022/11/08,抖音,28381
2022/11/09,抖音,28341
2022/11/10,抖音,28203
2022/11/11,抖音,27978
2022/11/12,抖音,27714
2022/11/13,抖音,27483
2022/11/14,抖音,27351
2022/11/15,抖音,27350
2022/11/16,抖音,27462
2022/11/17,抖音,27637
2022/11/18,抖音,27808
2022/11/19,抖音,27910
2022/11/20,抖音,27892
2022/11/21,抖音,27718
2022/11/22,抖音,27371
2022/11/23,抖音,26845
2022/11/24,抖音,26170
2022/11/25,抖音,25401
2022/11/26,抖音,24619
2022/11/27,抖音,23900
2022/11/28,抖音,23307
2022/11/29,抖音,22864
2022/11/30,抖音,22563
2022/12/01,抖音,22389
2022/12/02,抖音,22323
2022/12/03,抖音,22355
2022/12/04,抖音,22467
2022/12/05,抖音,22620
2022/12/06,抖音,22741
2022/12/07,抖音,22739
2022/12/08,抖音,22538
2022/12/09,抖音,22107
2022/12/10,抖音,21476
2022/12/11,抖音,20731
2022/12/12,抖音,19985
2022/12/13,抖音,19347
2022/12/14,抖音,18901
2022/12/15,抖音,18706
2022/12/16,抖音,18803
2022/12/17,抖音,19219
2022/12/18,抖音,19957
2022/12/19,抖音,20995
2022/12/20,抖音,22274
2022/12/21,抖音,23705
2022/12/22,抖音,25191
2022/12/23,抖音,26645
2022/12/24,抖音,27994
2022/12/25,抖音,29173
2022/12/26,抖音,30111
2022/12/27,抖音,30723
2022/12/28,抖音,30930
2022/12/29,抖音,30688
2022/12/30,抖音,30018
2022/12/31,抖音,29008
2023/01/01,抖音,27791
2023/01/02,抖音,26503
2023/01/03,抖音,25240
2023/01/04,抖音,24048
2023/01/05,抖音,22929
2023/01/06,抖音,21873
2023/01/07,抖音,20871
2023/01/08,抖音,19924
2023/01/09,抖音,19037
2023/01/10,抖音,18197
2023/01/11,抖音,17379
2023/01/12,抖音,16558
2023/01/13,抖音,15724
2023/01/14,抖音,14890
2023/01/15,抖音,14093
2023/01/16,抖音,13380
2023/01/17,抖音,12785
2023/01/18,抖音,12326
2023/01/19,抖音,12005
2023/01/20,抖音,11815
2023/01/21,抖音,11746
2023/01/22,抖音,11784
2023/01/23,抖音,11911
2023/01/24,抖音,12097
2023/01/25,抖音,12306
2023/01/26,抖音,12507
2023/01/27,抖音,12681
2023/01/28,抖音,12824
2023/01/29,抖音,12938
2023/01/30,抖音,13026
2023/01/31,抖音,13080
2023/02/01,抖音,13086
2023/02/02,抖音,13037
2023/02/03,抖音,12943
2023/02/04,抖音,12830
2023/02/05,抖音,12734
2023/02/06,抖音,12685
2023/02/07,抖音,12698
2023/02/08,抖音,12766
2023/02/09,抖音,12879
2023/02/10,抖音,13026
2023/02/11,抖音,13207
2023/02/12,抖音,13425
2023/02/13,抖音,13676
2023/02/14,抖音,13941
2023/02/15,抖音,14187
2023/02/16,抖音,14383
2023/02/17,抖音,14516
2023/02/18,抖音,14591
2023/02/19,抖音,14628
2023/02/20,抖音,14653
2023/02/21,抖音,14678
2023/02/22,抖音,14706
2023/02/23,抖音,14735
2023/02/24,抖音,14769
2023/02/25,抖音,14822
2023/02/26,抖音,14907
2023/02/27,抖音,15030
2023/02/28,抖音,15177
2023/03/01,抖音,15321
2023/03/02,抖音,15437
2023/03/03,抖音,15515
2023/03/04,抖音,15565
2023/03/05,抖音,15607
2023/03/06,抖音,15657
2023/03/07,抖音,15713
2023/03/08,抖音,15753
2023/03/09,抖音,15757
2023/03/10,抖音,15715
2023/03/11,抖音,15641
2023/03/12,抖音,15563
2023/03/13,抖音,15513
2023/03/14,抖音,15509
2023/03/15,抖音,15551
2023/03/16,抖音,15636
2023/03/17,抖音,15762
2023/03/18,抖音,15931
2023/03/19,抖音,16145
2023/03/20,抖音,16389
2023/03/21,抖音,16626
2023/03/22,抖音,16806
2023/03/23,抖音,16890
2023/03/24,抖音,16863
2023/03/25,抖音,16746
2023/03/26,抖音,16581
2023/03/27,抖音,16408
2023/03/28,抖音,16243
2023/03/29,抖音,16075
2023/03/30,抖音,15884
2023/03/31,抖音,15657
2023/04/01,抖音,15401
2023/04/02,抖音,15141
2023/04/03,抖音,14910
2023/04/04,抖音,14727
2023/04/05,抖音,14596
2023/04/06,抖音,14512
2023/04/07,抖音,14472
2023/04/08,抖音,14479
2023/04/09,抖音,14541
2023/04/10,抖音,14660
2023/04/11,抖音,14816
2023/04/12,抖音,14980
2023/04/13,抖音,15122
2023/04/14,抖音,15227
2023/04/15,抖音,15301
2023/04/16,抖音,15363
2023/04/17,抖音,15431
2023/04/18,抖音,15503
2023/04/19,抖音,15560
2023/04/20,抖音,15574
2023/04/21,抖音,15525
2023/04/22,抖音,15408
2023/04/23,抖音,15230
2023/04/24,抖音,15004
2023/04/25,抖音,14731
2023/04/26,抖音,14399
2023/04/27,抖音,14002
2023/04/28,抖音,13545
2023/04/29,抖音,13054
2023/04/30,抖音,12579
2023/05/01,抖音,12178
2023/05/02,抖音,11903
2023/05/03,抖音,11790
2023/05/04,抖音,11858
2023/05/05,抖音,12109
2023/05/06,抖音,12523
2023/05/07,抖音,13053
2023/05/08,抖音,13633
2023/05/09,抖音,14171
2023/05/10,抖音,14579
2023/05/11,抖音,14795
2023/05/12,抖音,14806
2023/05/13,抖音,14643
2023/05/14,抖音,14373
2023/05/15,抖音,14071
2023/05/16,抖音,13795
2023/05/17,抖音,13576
2023/05/18,抖音,13426
2023/05/19,抖音,13351
2023/05/20,抖音,13354
2023/05/21,抖音,13434
2023/05/22,抖音,13583
2023/05/23,抖音,13777
2023/05/24,抖音,13981
2023/05/25,抖音,14165
2023/05/26,抖音,14316
2023/05/27,抖音,14441
2023/05/28,抖音,14559
2023/05/29,抖音,14682
2023/05/30,抖音,14804
2023/05/31,抖音,14903
2023/06/01,抖音,14954
2023/06/02,抖音,14947
2023/06/03,抖音,14891
2023/06/04,抖音,14809
2023/06/05,抖音,14726
2023/06/06,抖音,14654
2023/06/07,抖音,14593
2023/06/08,抖音,14542
2023/06/09,抖音,14507
2023/06/10,抖音,14502
2023/06/11,抖音,14541
2023/06/12,抖音,14615
2023/06/13,抖音,14684
2023/06/14,抖音,14680
2023/06/15,抖音,14533
2023/06/16,抖音,14198
2023/06/17,抖音,13674
2023/06/18,抖音,13006
2023/06/19,抖音,12269
2023/06/20,抖音,11544
2023/06/21,抖音,10894
2023/06/22,抖音,10361
2023/06/23,抖音,9969
2023/06/24,抖音,9726
2023/06/25,抖音,9631
2023/06/26,抖音,9683
2023/06/27,抖音,9874
2023/06/28,抖音,10203
2023/06/29,抖音,10681
2023/06/30,抖音,11332
2023/07/01,抖音,12183
2023/07/02,抖音,13244
2023/07/03,抖音,14488
2023/07/04,抖音,15836
2023/07/05,抖音,17164
2023/07/06,抖音,18339
2023/07/07,抖音,19242
2023/07/08,抖音,19804
2023/07/09,抖音,20011
2023/07/10,抖音,19901
2023/07/11,抖音,19543
2023/07/12,抖音,19019
2023/07/13,抖音,18418
2023/07/14,抖音,17820
2023/07/15,抖音,17298
2023/07/16,抖音,16895
2023/07/17,抖音,16630
2023/07/18,抖音,16484
2023/07/19,抖音,16422
2023/07/20,抖音,16411
2023/07/21,抖音,16441
2023/07/22,抖音,16527
2023/07/23,抖音,16693
2023/07/24,抖音,16956
2023/07/25,抖音,17307
2023/07/26,抖音,17713
2023/07/27,抖音,18133
2023/07/28,抖音,18537
2023/07/29,抖音,18919
2023/07/30,抖音,19288
2023/07/31,抖音,19656
2023/08/01,抖音,20025
2023/08/02,抖音,20390
2023/08/03,抖音,20757
2023/08/04,抖音,21151
2023/08/05,抖音,21614
2023/08/06,抖音,22186
2023/08/07,抖音,22872
2023/08/08,抖音,23622
2023/08/09,抖音,24337
2023/08/10,抖音,24904
2023/08/11,抖音,25238
2023/08/12,抖音,25314
2023/08/13,抖音,25166
2023/08/14,抖音,24872
2023/08/15,抖音,24504
2023/08/16,抖音,24102
2023/08/17,抖音,23675
2023/08/18,抖音,23203
2023/08/19,抖音,22663
2023/08/20,抖音,22045
2023/08/21,抖音,21361
2023/08/22,抖音,20635
2023/08/23,抖音,19907
2023/08/24,抖音,19230
2023/08/25,抖音,18667
2023/08/26,抖音,18276
2023/08/27,抖音,18095
2023/08/28,抖音,18130
2023/08/29,抖音,18340
2023/08/30,抖音,18651
2023/08/31,抖音,18982
2023/09/01,抖音,19265
2023/09/02,抖音,19463
2023/09/03,抖音,19559
2023/09/04,抖音,19553
2023/09/05,抖音,19435
2023/09/06,抖音,19193
2023/09/07,抖音,18823
2023/09/08,抖音,18344
2023/09/09,抖音,17805
2023/09/10,抖音,17276
2023/09/11,抖音,16835
2023/09/12,抖音,16542
2023/09/13,抖音,16444
2023/09/14,抖音,16575
2023/09/15,抖音,16964
2023/09/16,抖音,17646
2023/09/17,抖音,18651
2023/09/18,抖音,19994
2023/09/19,抖音,21677
2023/09/20,抖音,23708
2023/09/21,抖音,26133
2023/09/22,抖音,29044
2023/09/23,抖音,32556
2023/09/24,抖音,36729
2023/09/25,抖音,41483
2023/09/26,抖音,46513
2023/09/27,抖音,51293
2023/09/28,抖音,55173
2023/09/29,抖音,57532
2023/09/30,抖音,57961
2023/10/01,抖音,56378
2023/10/02,抖音,53046
2023/10/03,抖音,48490
2023/10/04,抖音,43347
2023/10/05,抖音,38232
2023/10/06,抖音,33620
2023/10/07,抖音,29804
2023/10/08,抖音,26897
2023/10/09,抖音,24871
2023/10/10,抖音,23603
2023/10/11,抖音,22931
2023/10/12,抖音,22701
2023/10/13,抖音,22789
2023/10/14,抖音,23108
2023/10/15,抖音,23588
2023/10/16,抖音,24155
2023/10/17,抖音,24731
2023/10/18,抖音,25230
2023/10/19,抖音,25588
2023/10/20,抖音,25793
2023/10/21,抖音,25875
2023/10/22,抖音,25887
2023/10/23,抖音,25869
2023/10/24,抖音,25823
2023/10/25,抖音,25710
2023/10/26,抖音,25484
2023/10/27,抖音,25122
2023/10/28,抖音,24642
2023/10/29,抖音,24095
2023/10/30,抖音,23546
2023/10/31,抖音,23038
2023/11/01,抖音,22590
2023/11/02,抖音,22206
2023/11/03,抖音,21889
2023/11/04,抖音,21648
2023/11/05,抖音,21496
2023/11/06,抖音,21434
2023/11/07,抖音,21437
2023/11/08,抖音,21461
2023/11/09,抖音,21473
2023/11/10,抖音,21466
2023/11/11,抖音,21468
2023/11/12,抖音,21530
2023/11/13,抖音,21700
2023/11/14,抖音,21997
2023/11/15,抖音,22411
2023/11/16,抖音,22916
2023/11/17,抖音,23490
2023/11/18,抖音,24115
2023/11/19,抖音,24770
2023/11/20,抖音,25416
2023/11/21,抖音,25979
2023/11/22,抖音,26370
2023/11/23,抖音,26519
2023/11/24,抖音,26409
2023/11/25,抖音,26083
2023/11/26,抖音,25629
2023/11/27,抖音,25155
2023/11/28,抖音,24743
2023/11/29,抖音,24438
2023/11/30,抖音,24259
2023/12/01,抖音,24207
2023/12/02,抖音,24274
2023/12/03,抖音,24434
2023/12/04,抖音,24639
2023/12/05,抖音,24805
2023/12/06,抖音,24836
2023/12/07,抖音,24661
2023/12/08,抖音,24258
2023/12/09,抖音,23665
2023/12/10,抖音,22962
2023/12/11,抖音,22235
2023/12/12,抖音,21538
2023/12/13,抖音,20885
2023/12/14,抖音,20267
2023/12/15,抖音,19677
2023/12/16,抖音,19126
2023/12/17,抖音,18646
2023/12/18,抖音,18281
2023/12/19,抖音,18063
2023/12/20,抖音,18008
2023/12/21,抖音,18121
2023/12/22,抖音,18399
2023/12/23,抖音,18828
2023/12/24,抖音,19371
2023/12/25,抖音,19961
2023/12/26,抖音,20497
2023/12/27,抖音,20862
2023/12/28,抖音,20970
2023/12/29,抖音,20789
2023/12/30,抖音,20355
2023/12/31,抖音,19755
2024/01/01,抖音,19094
2024/01/02,抖音,18456
2024/01/03,抖音,17887
2024/01/04,抖音,17407
2024/01/05,抖音,17029
2024/01/06,抖音,16770
2024/01/07,抖音,16662
2024/01/08,抖音,16741
2024/01/09,抖音,17036
2024/01/10,抖音,17555
2024/01/11,抖音,18292
2024/01/12,抖音,19230
2024/01/13,抖音,20334
2024/01/14,抖音,21544
2024/01/15,抖音,22775
2024/01/16,抖音,23909
2024/01/17,抖音,24822
2024/01/18,抖音,25420
2024/01/19,抖音,25657
2024/01/20,抖音,25550
2024/01/21,抖音,25160
2024/01/22,抖音,24568
2024/01/23,抖音,23839
2024/01/24,抖音,23015
2024/01/25,抖音,22127
2024/01/26,抖音,21201
2024/01/27,抖音,20277
2024/01/28,抖音,19396
2024/01/29,抖音,18590
2024/01/30,抖音,17859
2024/01/31,抖音,17180
2024/02/01,抖音,16515
2024/02/02,抖音,15838
2024/02/03,抖音,15151
2024/02/04,抖音,14485
2024/02/05,抖音,13893
2024/02/06,抖音,13427
2024/02/07,抖音,13131
2024/02/08,抖音,13030
2024/02/09,抖音,13134
2024/02/10,抖音,13428
2024/02/11,抖音,13874
2024/02/12,抖音,14416
2024/02/13,抖音,14988
2024/02/14,抖音,15510
2024/02/15,抖音,15979
2024/02/16,抖音,16468
2024/02/17,抖音,17161
2024/02/18,抖音,18361
2024/02/19,抖音,20487
2024/02/20,抖音,24032
2024/02/21,抖音,29496
2024/02/22,抖音,37262
2024/02/23,抖音,47424
2024/02/24,抖音,59610
2024/02/25,抖音,72867
2024/02/26,抖音,85709
2024/02/27,抖音,96354
2024/02/28,抖音,103126
2024/02/29,抖音,104914
2024/03/01,抖音,101486
2024/03/02,抖音,93557
2024/03/03,抖音,82575
2024/03/04,抖音,70308
2024/03/05,抖音,58405
2024/03/06,抖音,48068
2024/03/07,抖音,39938
2024/03/08,抖音,34149
2024/03/09,抖音,30475
2024/03/10,抖音,28503
2024/03/11,抖音,27758
2024/03/12,抖音,27775
2024/03/13,抖音,28139
2024/03/14,抖音,28525
2024/03/15,抖音,28719
2024/03/16,抖音,28614
2024/03/17,抖音,28206
2024/03/18,抖音,27572
2024/03/19,抖音,26784
2024/03/20,抖音,25930
2024/03/21,抖音,25091
2024/03/22,抖音,24341
2024/03/23,抖音,23738
2024/03/24,抖音,23314
2024/03/25,抖音,23067
2024/03/26,抖音,22951
2024/03/27,抖音,22890
2024/03/28,抖音,22818
2024/03/29,抖音,22699
2024/03/30,抖音,22544
2024/03/31,抖音,22386
2024/04/01,抖音,22264
2024/04/02,抖音,22188
2024/04/03,抖音,22145
2024/04/04,抖音,22117
2024/04/05,抖音,22102
2024/04/06,抖音,22119
2024/04/07,抖音,22196
2024/04/08,抖音,22347
2024/04/09,抖音,22544
2024/04/10,抖音,22724
2024/04/11,抖音,22820
2024/04/12,抖音,22788
2024/04/13,抖音,22628
2024/04/14,抖音,22381
2024/04/15,抖音,22107
2024/04/16,抖音,21850
2024/04/17,抖音,21635
2024/04/18,抖音,21473
2024/04/19,抖音,21374
2024/04/20,抖音,21357
2024/04/21,抖音,21436
2024/04/22,抖音,21608
2024/04/23,抖音,21827
2024/04/24,抖音,22015
2024/04/25,抖音,22086
2024/04/26,抖音,21973
2024/04/27,抖音,21653
2024/04/28,抖音,21146
2024/04/29,抖音,20496
2024/04/30,抖音,19740
2024/05/01,抖音,18903
2024/05/02,抖音,17996
2024/05/03,抖音,17032
2024/05/04,抖音,16046
2024/05/05,抖音,15100
2024/05/06,抖音,14281
2024/05/07,抖音,13673
2024/05/08,抖音,13348
